item,gen_first_token,gen_impulse,score_forced_W,score_self,score_match,delta_self_forced,top1_forced,top1_self
ops_12+15, 1, 1.,4.194223403930664,1.618952751159668,1.618952751159668,-2.575270652770996, 25, 1
ops_8+7, 8, 8.,2.4444217681884766,-0.3941364288330078,-0.3941364288330078,-2.8385581970214844, 14, 8
ops_11+12, 1, 1.,1.8689594268798828,0.9221696853637695,0.9221696853637695,-0.9467897415161133, 22, 1
ops_9+6, 1, 1.,2.768474578857422,-0.22145748138427734,-0.22145748138427734,-2.989932060241699, 14, 1
ops_13+14, 1, 1.,1.2628097534179688,0.42051219940185547,0.42051219940185547,-0.8422975540161133, 26, 1
ops_4+5, 4, 4.,2.1139097213745117,1.1673555374145508,1.1673555374145508,-0.9465541839599609, 8, 4
ops_16+10, 0, 0.,4.489049911499023,0.5335302352905273,0.5335302352905273,-3.955519676208496, 24, 0
ops_3+8, 4," 4
",2.520411491394043,0.5418510437011719,0.5418510437011719,-1.978560447692871, 10, 4
