item,intervention,baseline,patched,delta,frac_of_baseline
ops_12+15,necessity_resid_tstar_L0-4_Cswap,4.194221496582031,4.1805267333984375,-0.01369476318359375,-0.0032651502060046023
ops_12+15,necessity_resid_tstar_L5-8_Cswap,4.194221496582031,-0.6065139770507812,-4.8007354736328125,-1.1446070450845391
ops_12+15,necessity_resid_tstar_L9-11_Cswap,4.194221496582031,-3.5222387313842773,-7.716460227966309,-1.8397836724299448
ops_12+15,necessity_resid_tstar_L5-11_Cswap,4.194221496582031,-3.5222387313842773,-7.716460227966309,-1.8397836724299448
ops_12+15,necessity_resid_tstar_L0-11_Cswap,4.194221496582031,-3.5222387313842773,-7.716460227966309,-1.8397836724299448
ops_12+15,sufficiency_resid_tstar_L5-11_Wpatch,-3.5222387313842773,4.194221496582031,7.716460227966309,-2.1907828561449203
ops_12+15,ablate_writes_tstar_L5-11,4.194221496582031,0.05601024627685547,-4.138211250305176,-0.9866458539868485
ops_12+15,ablate_writes_tstar_L9-11,4.194221496582031,6.775260925292969,2.5810394287109375,0.6153798579341331
ops_12+15,ref_E4_necessity_Wwin_L5-11_Cswap,4.194221496582031,-2.885974884033203,-7.080196380615234,-1.6880835660169715
ops_12+15,necessity_resid_tstar_L0_Cswap,4.194221496582031,4.197207450866699,0.0029859542846679688,0.0007119209815459895
ops_12+15,necessity_resid_tstar_L1_Cswap,4.194221496582031,4.189902305603027,-0.004319190979003906,-0.0010297956325205323
ops_12+15,necessity_resid_tstar_L2_Cswap,4.194221496582031,4.180901527404785,-0.013319969177246094,-0.0031757905938207716
ops_12+15,necessity_resid_tstar_L3_Cswap,4.194221496582031,4.176614761352539,-0.017606735229492188,-0.004197855369307588
ops_12+15,necessity_resid_tstar_L4_Cswap,4.194221496582031,4.1805267333984375,-0.01369476318359375,-0.0032651502060046023
ops_12+15,necessity_resid_tstar_L5_Cswap,4.194221496582031,3.567030906677246,-0.6271905899047852,-0.14953683071242121
ops_12+15,necessity_resid_tstar_L6_Cswap,4.194221496582031,2.7082386016845703,-1.485982894897461,-0.35429289943519265
ops_12+15,necessity_resid_tstar_L7_Cswap,4.194221496582031,-0.011667251586914062,-4.205888748168945,-1.0027817442632494
ops_12+15,necessity_resid_tstar_L8_Cswap,4.194221496582031,-0.6065139770507812,-4.8007354736328125,-1.1446070450845391
ops_12+15,necessity_resid_tstar_L9_Cswap,4.194221496582031,-3.4390029907226562,-7.6332244873046875,-1.8199383350462488
ops_12+15,necessity_resid_tstar_L10_Cswap,4.194221496582031,-3.3809852600097656,-7.575206756591797,-1.806105558031451
ops_12+15,necessity_resid_tstar_L11_Cswap,4.194221496582031,-3.5222387313842773,-7.716460227966309,-1.8397836724299448
ops_8+7,necessity_resid_tstar_L0-4_Cswap,2.4444122314453125,2.408803939819336,-0.03560829162597656,-0.014567220359931833
ops_8+7,necessity_resid_tstar_L5-8_Cswap,2.4444122314453125,-0.1798229217529297,-2.624235153198242,-1.0735648919767535
ops_8+7,necessity_resid_tstar_L9-11_Cswap,2.4444122314453125,-2.686187744140625,-5.1305999755859375,-2.0989094677178723
ops_8+7,necessity_resid_tstar_L5-11_Cswap,2.4444122314453125,-2.686187744140625,-5.1305999755859375,-2.0989094677178723
ops_8+7,necessity_resid_tstar_L0-11_Cswap,2.4444122314453125,-2.686187744140625,-5.1305999755859375,-2.0989094677178723
ops_8+7,sufficiency_resid_tstar_L5-11_Wpatch,-2.686187744140625,2.4444122314453125,5.1305999755859375,-1.9099930698356073
ops_8+7,ablate_writes_tstar_L5-11,2.4444122314453125,-0.7809438705444336,-3.225356101989746,-1.3194812480882914
ops_8+7,ablate_writes_tstar_L9-11,2.4444122314453125,4.464826583862305,2.020414352416992,0.8265440364051762
ops_8+7,ref_E4_necessity_Wwin_L5-11_Cswap,2.4444122314453125,-2.3284053802490234,-4.772817611694336,-1.9525420263800195
ops_8+7,necessity_resid_tstar_L0_Cswap,2.4444122314453125,2.4354963302612305,-0.008915901184082031,-0.003647462187182032
ops_8+7,necessity_resid_tstar_L1_Cswap,2.4444122314453125,2.435244560241699,-0.009167671203613281,-0.0037504603706686145
ops_8+7,necessity_resid_tstar_L2_Cswap,2.4444122314453125,2.4379940032958984,-0.0064182281494140625,-0.002625673389639007
ops_8+7,necessity_resid_tstar_L3_Cswap,2.4444122314453125,2.429734230041504,-0.014678001403808594,-0.006004716068340855
ops_8+7,necessity_resid_tstar_L4_Cswap,2.4444122314453125,2.408803939819336,-0.03560829162597656,-0.014567220359931833
ops_8+7,necessity_resid_tstar_L5_Cswap,2.4444122314453125,1.9740114212036133,-0.4704008102416992,-0.1924392310717429
ops_8+7,necessity_resid_tstar_L6_Cswap,2.4444122314453125,1.5135841369628906,-0.9308280944824219,-0.38079832955673326
ops_8+7,necessity_resid_tstar_L7_Cswap,2.4444122314453125,0.15671539306640625,-2.2876968383789062,-0.9358883125152156
ops_8+7,necessity_resid_tstar_L8_Cswap,2.4444122314453125,-0.1798229217529297,-2.624235153198242,-1.0735648919767535
ops_8+7,necessity_resid_tstar_L9_Cswap,2.4444122314453125,-2.2677249908447266,-4.712137222290039,-1.9277179035812155
ops_8+7,necessity_resid_tstar_L10_Cswap,2.4444122314453125,-2.6157941818237305,-5.060206413269043,-2.0701117218175122
ops_8+7,necessity_resid_tstar_L11_Cswap,2.4444122314453125,-2.686187744140625,-5.1305999755859375,-2.0989094677178723
ops_11+12,necessity_resid_tstar_L0-4_Cswap,1.8689661026000977,1.8590316772460938,-0.009934425354003906,-0.0053154657755339575
ops_11+12,necessity_resid_tstar_L5-8_Cswap,1.8689661026000977,-0.4352588653564453,-2.304224967956543,-1.232887511844605
ops_11+12,necessity_resid_tstar_L9-11_Cswap,1.8689661026000977,-2.582688331604004,-4.451654434204102,-2.3818807778327167
ops_11+12,necessity_resid_tstar_L5-11_Cswap,1.8689661026000977,-2.582688331604004,-4.451654434204102,-2.3818807778327167
ops_11+12,necessity_resid_tstar_L0-11_Cswap,1.8689661026000977,-2.582688331604004,-4.451654434204102,-2.3818807778327167
ops_11+12,sufficiency_resid_tstar_L5-11_Wpatch,-2.582688331604004,1.8689661026000977,4.451654434204102,-1.7236514292993912
ops_11+12,ablate_writes_tstar_L5-11,1.8689661026000977,-1.1152095794677734,-2.984175682067871,-1.5966986655971442
ops_11+12,ablate_writes_tstar_L9-11,1.8689661026000977,2.759439468383789,0.8904733657836914,0.47645238966339126
ops_11+12,ref_E4_necessity_Wwin_L5-11_Cswap,1.8689661026000977,-2.2351207733154297,-4.104086875915527,-2.1959129543365923
ops_11+12,necessity_resid_tstar_L0_Cswap,1.8689661026000977,1.8696298599243164,0.00066375732421875,0.00035514679656058695
ops_11+12,necessity_resid_tstar_L1_Cswap,1.8689661026000977,1.8696603775024414,0.00069427490234375,0.00037147538490820016
ops_11+12,necessity_resid_tstar_L2_Cswap,1.8689661026000977,1.869211196899414,0.00024509429931640625,0.00013113897516676845
ops_11+12,necessity_resid_tstar_L3_Cswap,1.8689661026000977,1.8716344833374023,0.0026683807373046875,0.0014277309436444288
ops_11+12,necessity_resid_tstar_L4_Cswap,1.8689661026000977,1.8590316772460938,-0.009934425354003906,-0.0053154657755339575
ops_11+12,necessity_resid_tstar_L5_Cswap,1.8689661026000977,1.5608940124511719,-0.3080720901489258,-0.16483556856399761
ops_11+12,necessity_resid_tstar_L6_Cswap,1.8689661026000977,1.1492080688476562,-0.7197580337524414,-0.38511026644684304
ops_11+12,necessity_resid_tstar_L7_Cswap,1.8689661026000977,-0.23513412475585938,-2.104100227355957,-1.1258097321448162
ops_11+12,necessity_resid_tstar_L8_Cswap,1.8689661026000977,-0.4352588653564453,-2.304224967956543,-1.232887511844605
ops_11+12,necessity_resid_tstar_L9_Cswap,1.8689661026000977,-2.5528182983398438,-4.421784400939941,-2.3658986617191045
ops_11+12,necessity_resid_tstar_L10_Cswap,1.8689661026000977,-2.500019073486328,-4.368985176086426,-2.3376481628041903
ops_11+12,necessity_resid_tstar_L11_Cswap,1.8689661026000977,-2.582688331604004,-4.451654434204102,-2.3818807778327167
ops_9+6,necessity_resid_tstar_L0-4_Cswap,2.7684707641601562,2.7227134704589844,-0.045757293701171875,-0.016528003218792456
ops_9+6,necessity_resid_tstar_L5-8_Cswap,2.7684707641601562,-0.31595802307128906,-3.0844287872314453,-1.114127274581185
ops_9+6,necessity_resid_tstar_L9-11_Cswap,2.7684707641601562,-2.744868278503418,-5.513339042663574,-1.9914745403988767
ops_9+6,necessity_resid_tstar_L5-11_Cswap,2.7684707641601562,-2.744868278503418,-5.513339042663574,-1.9914745403988767
ops_9+6,necessity_resid_tstar_L0-11_Cswap,2.7684707641601562,-2.744868278503418,-5.513339042663574,-1.9914745403988767
ops_9+6,sufficiency_resid_tstar_L5-11_Wpatch,-2.744868278503418,2.7684707641601562,5.513339042663574,-2.0085987680507595
ops_9+6,ablate_writes_tstar_L5-11,2.7684707641601562,-0.9910144805908203,-3.7594852447509766,-1.3579645822597135
ops_9+6,ablate_writes_tstar_L9-11,2.7684707641601562,4.662336349487305,1.8938655853271484,0.6840836500224599
ops_9+6,ref_E4_necessity_Wwin_L5-11_Cswap,2.7684707641601562,-2.3477487564086914,-5.116219520568848,-1.8480309009587481
ops_9+6,necessity_resid_tstar_L0_Cswap,2.7684707641601562,2.761172294616699,-0.007298469543457031,-0.0026362819640145616
ops_9+6,necessity_resid_tstar_L1_Cswap,2.7684707641601562,2.760692596435547,-0.007778167724609375,-0.00280955386103525
ops_9+6,necessity_resid_tstar_L2_Cswap,2.7684707641601562,2.7588882446289062,-0.00958251953125,-0.003461304217224398
ops_9+6,necessity_resid_tstar_L3_Cswap,2.7684707641601562,2.7430715560913086,-0.025399208068847656,-0.009174454141852846
ops_9+6,necessity_resid_tstar_L4_Cswap,2.7684707641601562,2.7227134704589844,-0.045757293701171875,-0.016528003218792456
ops_9+6,necessity_resid_tstar_L5_Cswap,2.7684707641601562,2.2627639770507812,-0.505706787109375,-0.1826664719223742
ops_9+6,necessity_resid_tstar_L6_Cswap,2.7684707641601562,1.6697978973388672,-1.098672866821289,-0.39685189420975614
ops_9+6,necessity_resid_tstar_L7_Cswap,2.7684707641601562,0.07404518127441406,-2.694425582885742,-0.9732541220109736
ops_9+6,necessity_resid_tstar_L8_Cswap,2.7684707641601562,-0.31595802307128906,-3.0844287872314453,-1.114127274581185
ops_9+6,necessity_resid_tstar_L9_Cswap,2.7684707641601562,-2.2877864837646484,-5.056257247924805,-1.8263719138311623
ops_9+6,necessity_resid_tstar_L10_Cswap,2.7684707641601562,-2.6746950149536133,-5.4431657791137695,-1.966127238755584
ops_9+6,necessity_resid_tstar_L11_Cswap,2.7684707641601562,-2.744868278503418,-5.513339042663574,-1.9914745403988767
ops_13+14,necessity_resid_tstar_L0-4_Cswap,1.2628145217895508,1.273301124572754,0.010486602783203125,0.00830415124490525
ops_13+14,necessity_resid_tstar_L5-8_Cswap,1.2628145217895508,-0.41304969787597656,-1.6758642196655273,-1.3270865916956978
ops_13+14,necessity_resid_tstar_L9-11_Cswap,1.2628145217895508,-2.1687183380126953,-3.431532859802246,-2.7173688618494634
ops_13+14,necessity_resid_tstar_L5-11_Cswap,1.2628145217895508,-2.1687183380126953,-3.431532859802246,-2.7173688618494634
ops_13+14,necessity_resid_tstar_L0-11_Cswap,1.2628145217895508,-2.1687183380126953,-3.431532859802246,-2.7173688618494634
ops_13+14,sufficiency_resid_tstar_L5-11_Wpatch,-2.1687183380126953,1.2628145217895508,3.431532859802246,-1.5822860902014277
ops_13+14,ablate_writes_tstar_L5-11,1.2628145217895508,-0.3328666687011719,-1.5956811904907227,-1.2635910998469215
ops_13+14,ablate_writes_tstar_L9-11,1.2628145217895508,2.110126495361328,0.8473119735717773,0.6709710404430894
ops_13+14,ref_E4_necessity_Wwin_L5-11_Cswap,1.2628145217895508,-1.6407451629638672,-2.903559684753418,-2.2992764453157744
ops_13+14,necessity_resid_tstar_L0_Cswap,1.2628145217895508,1.2621793746948242,-0.0006351470947265625,-0.0005029615068303834
ops_13+14,necessity_resid_tstar_L1_Cswap,1.2628145217895508,1.2623357772827148,-0.0004787445068359375,-0.00037910912376704574
ops_13+14,necessity_resid_tstar_L2_Cswap,1.2628145217895508,1.2642488479614258,0.001434326171875,0.0011358169763857307
ops_13+14,necessity_resid_tstar_L3_Cswap,1.2628145217895508,1.2798166275024414,0.017002105712890625,0.013463660275934047
ops_13+14,necessity_resid_tstar_L4_Cswap,1.2628145217895508,1.273301124572754,0.010486602783203125,0.00830415124490525
ops_13+14,necessity_resid_tstar_L5_Cswap,1.2628145217895508,0.9779424667358398,-0.28487205505371094,-0.2255850325905463
ops_13+14,necessity_resid_tstar_L6_Cswap,1.2628145217895508,0.5740795135498047,-0.6887350082397461,-0.5453968071761883
ops_13+14,necessity_resid_tstar_L7_Cswap,1.2628145217895508,-0.2343425750732422,-1.497157096862793,-1.1855716504915959
ops_13+14,necessity_resid_tstar_L8_Cswap,1.2628145217895508,-0.41304969787597656,-1.6758642196655273,-1.3270865916956978
ops_13+14,necessity_resid_tstar_L9_Cswap,1.2628145217895508,-2.348024368286133,-3.6108388900756836,-2.859358067057003
ops_13+14,necessity_resid_tstar_L10_Cswap,1.2628145217895508,-2.0963516235351562,-3.359166145324707,-2.660062968364023
ops_13+14,necessity_resid_tstar_L11_Cswap,1.2628145217895508,-2.1687183380126953,-3.431532859802246,-2.7173688618494634
ops_4+5,necessity_resid_tstar_L0-4_Cswap,2.1138954162597656,2.129977226257324,0.016081809997558594,0.0076076658636277505
ops_4+5,necessity_resid_tstar_L5-8_Cswap,2.1138954162597656,-0.8576202392578125,-2.971515655517578,-1.4057060877568146
ops_4+5,necessity_resid_tstar_L9-11_Cswap,2.1138954162597656,-1.8963546752929688,-4.010250091552734,-1.8970901117938446
ops_4+5,necessity_resid_tstar_L5-11_Cswap,2.1138954162597656,-1.8963546752929688,-4.010250091552734,-1.8970901117938446
ops_4+5,necessity_resid_tstar_L0-11_Cswap,2.1138954162597656,-1.8963546752929688,-4.010250091552734,-1.8970901117938446
ops_4+5,sufficiency_resid_tstar_L5-11_Wpatch,-1.8963546752929688,2.1138954162597656,4.010250091552734,-2.114715218519547
ops_4+5,ablate_writes_tstar_L5-11,2.1138954162597656,0.8679656982421875,-1.2459297180175781,-0.5893998863113445
ops_4+5,ablate_writes_tstar_L9-11,2.1138954162597656,5.683811187744141,3.569915771484375,1.6887854261971145
ops_4+5,ref_E4_necessity_Wwin_L5-11_Cswap,2.1138954162597656,-1.4994640350341797,-3.6133594512939453,-1.7093369064053632
ops_4+5,necessity_resid_tstar_L0_Cswap,2.1138954162597656,2.1187992095947266,0.0049037933349609375,0.002319789946674607
ops_4+5,necessity_resid_tstar_L1_Cswap,2.1138954162597656,2.1147918701171875,0.000896453857421875,0.00042407673081955083
ops_4+5,necessity_resid_tstar_L2_Cswap,2.1138954162597656,2.1084108352661133,-0.005484580993652344,-0.0025945375307906775
ops_4+5,necessity_resid_tstar_L3_Cswap,2.1138954162597656,2.0956382751464844,-0.01825714111328125,-0.00863672865405264
ops_4+5,necessity_resid_tstar_L4_Cswap,2.1138954162597656,2.129977226257324,0.016081809997558594,0.0076076658636277505
ops_4+5,necessity_resid_tstar_L5_Cswap,2.1138954162597656,1.4636802673339844,-0.6502151489257812,-0.30759097348166997
ops_4+5,necessity_resid_tstar_L6_Cswap,2.1138954162597656,0.7270622253417969,-1.3868331909179688,-0.6560557254870115
ops_4+5,necessity_resid_tstar_L7_Cswap,2.1138954162597656,-0.6628303527832031,-2.7767257690429688,-1.3135587256043093
ops_4+5,necessity_resid_tstar_L8_Cswap,2.1138954162597656,-0.8576202392578125,-2.971515655517578,-1.4057060877568146
ops_4+5,necessity_resid_tstar_L9_Cswap,2.1138954162597656,-2.251664161682129,-4.3655595779418945,-2.0651729240541736
ops_4+5,necessity_resid_tstar_L10_Cswap,2.1138954162597656,-1.8136873245239258,-3.9275827407836914,-1.8579834700304072
ops_4+5,necessity_resid_tstar_L11_Cswap,2.1138954162597656,-1.8963546752929688,-4.010250091552734,-1.8970901117938446
ops_16+10,necessity_resid_tstar_L0-4_Cswap,4.489053726196289,4.491308212280273,0.002254486083984375,0.000502218556848209
ops_16+10,necessity_resid_tstar_L5-8_Cswap,4.489053726196289,0.9532566070556641,-3.535797119140625,-0.7876486526563835
ops_16+10,necessity_resid_tstar_L9-11_Cswap,4.489053726196289,-2.9754209518432617,-7.464474678039551,-1.662816961730691
ops_16+10,necessity_resid_tstar_L5-11_Cswap,4.489053726196289,-2.9754209518432617,-7.464474678039551,-1.662816961730691
ops_16+10,necessity_resid_tstar_L0-11_Cswap,4.489053726196289,-2.9754209518432617,-7.464474678039551,-1.662816961730691
ops_16+10,sufficiency_resid_tstar_L5-11_Wpatch,-2.9754209518432617,4.489053726196289,7.464474678039551,-2.508712144886705
ops_16+10,ablate_writes_tstar_L5-11,4.489053726196289,1.9299488067626953,-2.5591049194335938,-0.5700766966765624
ops_16+10,ablate_writes_tstar_L9-11,4.489053726196289,6.780246734619141,2.2911930084228516,0.5103955417268415
ops_16+10,ref_E4_necessity_Wwin_L5-11_Cswap,4.489053726196289,-2.5218048095703125,-7.010858535766602,-1.56176757138238
ops_16+10,necessity_resid_tstar_L0_Cswap,4.489053726196289,4.483165740966797,-0.0058879852294921875,-0.0013116317131898654
ops_16+10,necessity_resid_tstar_L1_Cswap,4.489053726196289,4.482637405395508,-0.00641632080078125,-0.00142932590967629
ops_16+10,necessity_resid_tstar_L2_Cswap,4.489053726196289,4.487665176391602,-0.0013885498046875,-0.00030931904347334695
ops_16+10,necessity_resid_tstar_L3_Cswap,4.489053726196289,4.487222671508789,-0.0018310546875,-0.0004078932441406773
ops_16+10,necessity_resid_tstar_L4_Cswap,4.489053726196289,4.491308212280273,0.002254486083984375,0.000502218556848209
ops_16+10,necessity_resid_tstar_L5_Cswap,4.489053726196289,4.028594970703125,-0.46045875549316406,-0.10257367890388888
ops_16+10,necessity_resid_tstar_L6_Cswap,4.489053726196289,3.2999277114868164,-1.1891260147094727,-0.2648945829652734
ops_16+10,necessity_resid_tstar_L7_Cswap,4.489053726196289,1.2632999420166016,-3.2257537841796875,-0.7185821290922634
ops_16+10,necessity_resid_tstar_L8_Cswap,4.489053726196289,0.9532566070556641,-3.535797119140625,-0.7876486526563835
ops_16+10,necessity_resid_tstar_L9_Cswap,4.489053726196289,-2.356480598449707,-6.845534324645996,-1.5249392727688347
ops_16+10,necessity_resid_tstar_L10_Cswap,4.489053726196289,-2.852005958557129,-7.341059684753418,-1.6353245321868135
ops_16+10,necessity_resid_tstar_L11_Cswap,4.489053726196289,-2.9754209518432617,-7.464474678039551,-1.662816961730691
ops_3+8,necessity_resid_tstar_L0-4_Cswap,2.5204219818115234,2.5154151916503906,-0.0050067901611328125,-0.00198648884879755
ops_3+8,necessity_resid_tstar_L5-8_Cswap,2.5204219818115234,-0.8948345184326172,-3.4152565002441406,-1.3550336113913217
ops_3+8,necessity_resid_tstar_L9-11_Cswap,2.5204219818115234,-2.8722286224365234,-5.392650604248047,-2.1395824362601945
ops_3+8,necessity_resid_tstar_L5-11_Cswap,2.5204219818115234,-2.8722286224365234,-5.392650604248047,-2.1395824362601945
ops_3+8,necessity_resid_tstar_L0-11_Cswap,2.5204219818115234,-2.8722286224365234,-5.392650604248047,-2.1395824362601945
ops_3+8,sufficiency_resid_tstar_L5-11_Wpatch,-2.8722286224365234,2.5204219818115234,5.392650604248047,-1.8775144019257906
ops_3+8,ablate_writes_tstar_L5-11,2.5204219818115234,1.4127378463745117,-1.1076841354370117,-0.43948360371023143
ops_3+8,ablate_writes_tstar_L9-11,2.5204219818115234,6.205118179321289,3.6846961975097656,1.4619362250052406
ops_3+8,ref_E4_necessity_Wwin_L5-11_Cswap,2.5204219818115234,-2.3783140182495117,-4.898736000061035,-1.943617392409872
ops_3+8,necessity_resid_tstar_L0_Cswap,2.5204219818115234,2.525205612182617,0.00478363037109375,0.0018979482029654305
ops_3+8,necessity_resid_tstar_L1_Cswap,2.5204219818115234,2.5156068801879883,-0.004815101623535156,-0.0019104347043007294
ops_3+8,necessity_resid_tstar_L2_Cswap,2.5204219818115234,2.513395309448242,-0.00702667236328125,-0.002787895207226733
ops_3+8,necessity_resid_tstar_L3_Cswap,2.5204219818115234,2.5033302307128906,-0.017091751098632812,-0.0067813053615523216
ops_3+8,necessity_resid_tstar_L4_Cswap,2.5204219818115234,2.5154151916503906,-0.0050067901611328125,-0.00198648884879755
ops_3+8,necessity_resid_tstar_L5_Cswap,2.5204219818115234,2.040133476257324,-0.4802885055541992,-0.19055876715096634
ops_3+8,necessity_resid_tstar_L6_Cswap,2.5204219818115234,1.581059455871582,-0.9393625259399414,-0.37270049726545623
ops_3+8,necessity_resid_tstar_L7_Cswap,2.5204219818115234,-0.5086517333984375,-3.029073715209961,-1.2018121318846973
ops_3+8,necessity_resid_tstar_L8_Cswap,2.5204219818115234,-0.8948345184326172,-3.4152565002441406,-1.3550336113913217
ops_3+8,necessity_resid_tstar_L9_Cswap,2.5204219818115234,-3.0996150970458984,-5.620037078857422,-2.2298000570595273
ops_3+8,necessity_resid_tstar_L10_Cswap,2.5204219818115234,-2.8458309173583984,-5.366252899169922,-2.129108910291677
ops_3+8,necessity_resid_tstar_L11_Cswap,2.5204219818115234,-2.8722286224365234,-5.392650604248047,-2.1395824362601945
